,precision,recall,f1-score,support
Bacterial_spot,0.9631336405529954,0.9812206572769953,0.9720930232558139,213.0
Early_blight,0.989010989010989,0.9,0.9424083769633508,100.0
Late_blight,0.9739583333333334,0.9790575916230366,0.9765013054830287,191.0
Leaf_Mold,0.9789473684210527,0.9789473684210527,0.9789473684210527,95.0
Septoria_leaf_spot,0.9885057471264368,0.9717514124293786,0.98005698005698,177.0
Spider_mites,0.9813664596273292,0.9404761904761905,0.9604863221884499,168.0
Target_Spot,0.8853503184713376,0.9858156028368794,0.9328859060402684,141.0
YellowLeaf__Curl_Virus,1.0,0.9781931464174455,0.988976377952756,321.0
healthy,0.9754601226993865,1.0,0.9875776397515528,159.0
mosaic_virus,0.9736842105263158,1.0,0.9866666666666667,37.0
accuracy,0.9725343320848939,0.9725343320848939,0.9725343320848939,0.9725343320848939
macro avg,0.9709417189769176,0.9715461969480979,0.9706599966779919,1602.0
weighted avg,0.9737007232630831,0.9725343320848939,0.9726404682000643,1602.0
