,Bacterial_spot,Early_blight,Late_blight,Leaf_Mold,Septoria_leaf_spot,Spider_mites,Target_Spot,YellowLeaf__Curl_Virus,healthy,mosaic_virus
Bacterial_spot,0.9812206572769953,0.0,0.009389671361502348,0.0,0.004694835680751174,0.0,0.004694835680751174,0.0,0.0,0.0
Early_blight,0.02,0.9,0.02,0.0,0.0,0.0,0.05,0.0,0.0,0.01
Late_blight,0.0,0.0,0.9790575916230366,0.0,0.005235602094240838,0.005235602094240838,0.0,0.0,0.010471204188481676,0.0
Leaf_Mold,0.0,0.0,0.010526315789473684,0.9789473684210527,0.0,0.010526315789473684,0.0,0.0,0.0,0.0
Septoria_leaf_spot,0.0,0.005649717514124294,0.0,0.005649717514124294,0.9717514124293786,0.005649717514124294,0.011299435028248588,0.0,0.0,0.0
Spider_mites,0.0,0.0,0.0,0.0,0.0,0.9404761904761905,0.05952380952380952,0.0,0.0,0.0
Target_Spot,0.0070921985815602835,0.0,0.0,0.0,0.0,0.0,0.9858156028368794,0.0,0.0070921985815602835,0.0
YellowLeaf__Curl_Virus,0.01557632398753894,0.0,0.0,0.003115264797507788,0.0,0.0,0.0,0.9781931464174455,0.003115264797507788,0.0
healthy,0.0,0.0,0.0,0.0,0.0,0.0,0.0,0.0,1.0,0.0
mosaic_virus,0.0,0.0,0.0,0.0,0.0,0.0,0.0,0.0,0.0,1.0
